sale_id,product_id,region,quantity,unit_price,sale_timestamp
S001,P001,North,2,100,2026-10-01T09:00:00
S002,P002,South,1,250,2026-10-01T10:00:00
S003,P003,East,3,50,2026-10-01T11:00:00
S004,P001,West,4,100,2026-10-01T12:00:00
S005,P004,North,2,300,2026-10-02T09:00:00
S006,P002,South,3,250,2026-10-02T10:00:00
S007,P005,East,5,80,2026-10-02T11:00:00
S008,P001,West,1,100,2026-10-02T12:00:00
S009,P003,North,6,50,2026-10-03T09:00:00
S010,P004,South,2,300,2026-10-03T10:00:00
S011,P005,East,4,80,2026-10-03T11:00:00
S012,P002,West,2,250,2026-10-03T12:00:00
