transaction_id,customer_id,product_id,quantity,unit_price,transaction_timestamp
T001,C001,P001,1,55000,2026-10-01T09:00:00
T002,C002,P002,2,800,2026-10-01T09:15:00
T003,C003,P003,1,1500,2026-10-01T10:30:00
T004,C001,P004,1,12000,2026-10-01T12:00:00
T005,C004,P005,2,4500,2026-10-02T09:30:00
T006,C005,P006,1,7000,2026-10-02T11:15:00
T007,C002,P001,1,54000,2026-10-02T13:00:00
T008,C003,P002,3,750,2026-10-03T08:45:00
T009,C004,P003,2,1400,2026-10-03T10:00:00
T010,C005,P005,1,5000,2026-10-03T12:30:00
T011,C001,P001,0,55000,2026-10-03T13:00:00
T012,C099,P999,2,100,2026-10-03T13:15:00
T013,C002,P002,1,800,not-a-date
T014,C003,P003,1,bad,2026-10-03T14:00:00
